{
  "accuracy": 0.8588,
  "precision": 0.8378531073446328,
  "recall": 0.8898,
  "f1": 0.8630455868089234,
  "confusion_matrix": [
    [
      4139,
      861
    ],
    [
      551,
      4449
    ]
  ]
}