{
  "accuracy": 0.9042,
  "precision": 0.8961191689533516,
  "recall": 0.9144,
  "f1": 0.9051672936052267,
  "confusion_matrix": [
    [
      4470,
      530
    ],
    [
      428,
      4572
    ]
  ]
}