{
  "accuracy": 0.84775,
  "precision": 0.7930890924229809,
  "recall": 0.9444719881011403,
  "f1": 0.8621860149355057,
  "confusion_matrix": [
    [
      1486,
      497
    ],
    [
      112,
      1905
    ]
  ]
}